http://timesofindia.indiatimes.com/2017/1/27/archivelist/year-2017,month-1,starttime-42762.cms
http://timesofindia.indiatimes.com/2017/1/5/archivelist/year-2017,month-1,starttime-42740.cms
http://timesofindia.indiatimes.com/2017/1/4/archivelist/year-2017,month-1,starttime-42739.cms
http://timesofindia.indiatimes.com/2017/1/13/archivelist/year-2017,month-1,starttime-42748.cms
http://timesofindia.indiatimes.com/2017/1/6/archivelist/year-2017,month-1,starttime-42741.cms
http://timesofindia.indiatimes.com/2017/1/20/archivelist/year-2017,month-1,starttime-42755.cms
http://timesofindia.indiatimes.com/2017/1/25/archivelist/year-2017,month-1,starttime-42760.cms
http://timesofindia.indiatimes.com/2017/1/16/archivelist/year-2017,month-1,starttime-42751.cms
http://timesofindia.indiatimes.com/2017/1/11/archivelist/year-2017,month-1,starttime-42746.cms
http://timesofindia.indiatimes.com/2017/1/15/archivelist/year-2017,month-1,starttime-42750.cms
http://timesofindia.indiatimes.com/2017/1/7/archivelist/year-2017,month-1,starttime-42742.cms
http://timesofindia.indiatimes.com/2017/1/30/archivelist/year-2017,month-1,starttime-42765.cms
http://timesofindia.indiatimes.com/2017/1/9/archivelist/year-2017,month-1,starttime-42744.cms
http://timesofindia.indiatimes.com/2017/1/19/archivelist/year-2017,month-1,starttime-42754.cms
http://timesofindia.indiatimes.com/2017/1/14/archivelist/year-2017,month-1,starttime-42749.cms
http://timesofindia.indiatimes.com/2017/1/26/archivelist/year-2017,month-1,starttime-42761.cms
http://timesofindia.indiatimes.com/2017/1/1/archivelist/year-2017,month-1,starttime-42736.cms
http://timesofindia.indiatimes.com/2017/1/10/archivelist/year-2017,month-1,starttime-42745.cms
http://timesofindia.indiatimes.com/2017/1/22/archivelist/year-2017,month-1,starttime-42757.cms
http://timesofindia.indiatimes.com/2017/1/12/archivelist/year-2017,month-1,starttime-42747.cms
http://timesofindia.indiatimes.com/2017/1/18/archivelist/year-2017,month-1,starttime-42753.cms
http://timesofindia.indiatimes.com/2017/1/28/archivelist/year-2017,month-1,starttime-42763.cms
http://timesofindia.indiatimes.com/2017/1/8/archivelist/year-2017,month-1,starttime-42743.cms
http://timesofindia.indiatimes.com/2017/1/3/archivelist/year-2017,month-1,starttime-42738.cms
http://timesofindia.indiatimes.com/2017/1/24/archivelist/year-2017,month-1,starttime-42759.cms
http://timesofindia.indiatimes.com/2017/1/29/archivelist/year-2017,month-1,starttime-42764.cms
http://timesofindia.indiatimes.com/2017/1/2/archivelist/year-2017,month-1,starttime-42737.cms
http://timesofindia.indiatimes.com/2017/1/21/archivelist/year-2017,month-1,starttime-42756.cms
http://timesofindia.indiatimes.com/2017/1/17/archivelist/year-2017,month-1,starttime-42752.cms
http://timesofindia.indiatimes.com/2017/1/31/archivelist/year-2017,month-1,starttime-42766.cms
http://timesofindia.indiatimes.com/2017/1/23/archivelist/year-2017,month-1,starttime-42758.cms
http://timesofindia.indiatimes.com/2017/2/28/archivelist/year-2017,month-2,starttime-42794.cms
http://timesofindia.indiatimes.com/2017/2/5/archivelist/year-2017,month-2,starttime-42771.cms
http://timesofindia.indiatimes.com/2017/2/27/archivelist/year-2017,month-2,starttime-42793.cms
http://timesofindia.indiatimes.com/2017/2/13/archivelist/year-2017,month-2,starttime-42779.cms
http://timesofindia.indiatimes.com/2017/2/2/archivelist/year-2017,month-2,starttime-42768.cms
http://timesofindia.indiatimes.com/2017/2/26/archivelist/year-2017,month-2,starttime-42792.cms
http://timesofindia.indiatimes.com/2017/2/12/archivelist/year-2017,month-2,starttime-42778.cms
http://timesofindia.indiatimes.com/2017/2/19/archivelist/year-2017,month-2,starttime-42785.cms
http://timesofindia.indiatimes.com/2017/2/8/archivelist/year-2017,month-2,starttime-42774.cms
http://timesofindia.indiatimes.com/2017/2/3/archivelist/year-2017,month-2,starttime-42769.cms
http://timesofindia.indiatimes.com/2017/2/16/archivelist/year-2017,month-2,starttime-42782.cms
http://timesofindia.indiatimes.com/2017/2/22/archivelist/year-2017,month-2,starttime-42788.cms
http://timesofindia.indiatimes.com/2017/2/14/archivelist/year-2017,month-2,starttime-42780.cms
http://timesofindia.indiatimes.com/2017/2/10/archivelist/year-2017,month-2,starttime-42776.cms
http://timesofindia.indiatimes.com/2017/2/7/archivelist/year-2017,month-2,starttime-42773.cms
http://timesofindia.indiatimes.com/2017/2/15/archivelist/year-2017,month-2,starttime-42781.cms
http://timesofindia.indiatimes.com/2017/2/9/archivelist/year-2017,month-2,starttime-42775.cms
http://timesofindia.indiatimes.com/2017/2/23/archivelist/year-2017,month-2,starttime-42789.cms
http://timesofindia.indiatimes.com/2017/2/11/archivelist/year-2017,month-2,starttime-42777.cms
http://timesofindia.indiatimes.com/2017/2/6/archivelist/year-2017,month-2,starttime-42772.cms
http://timesofindia.indiatimes.com/2017/2/4/archivelist/year-2017,month-2,starttime-42770.cms
http://timesofindia.indiatimes.com/2017/2/1/archivelist/year-2017,month-2,starttime-42767.cms
http://timesofindia.indiatimes.com/2017/2/20/archivelist/year-2017,month-2,starttime-42786.cms
http://timesofindia.indiatimes.com/2017/2/21/archivelist/year-2017,month-2,starttime-42787.cms
http://timesofindia.indiatimes.com/2017/2/24/archivelist/year-2017,month-2,starttime-42790.cms
http://timesofindia.indiatimes.com/2017/2/25/archivelist/year-2017,month-2,starttime-42791.cms
http://timesofindia.indiatimes.com/2017/2/17/archivelist/year-2017,month-2,starttime-42783.cms
http://timesofindia.indiatimes.com/2017/2/18/archivelist/year-2017,month-2,starttime-42784.cms
http://timesofindia.indiatimes.com/2017/1/27/archivelist/year-2017,month-1,starttime-42762.cms
http://timesofindia.indiatimes.com/2017/1/5/archivelist/year-2017,month-1,starttime-42740.cms
http://timesofindia.indiatimes.com/2017/1/4/archivelist/year-2017,month-1,starttime-42739.cms
http://timesofindia.indiatimes.com/2017/1/13/archivelist/year-2017,month-1,starttime-42748.cms
http://timesofindia.indiatimes.com/2017/1/6/archivelist/year-2017,month-1,starttime-42741.cms
http://timesofindia.indiatimes.com/2017/1/20/archivelist/year-2017,month-1,starttime-42755.cms
http://timesofindia.indiatimes.com/2017/1/25/archivelist/year-2017,month-1,starttime-42760.cms
http://timesofindia.indiatimes.com/2017/1/16/archivelist/year-2017,month-1,starttime-42751.cms
http://timesofindia.indiatimes.com/2017/1/11/archivelist/year-2017,month-1,starttime-42746.cms
http://timesofindia.indiatimes.com/2017/1/15/archivelist/year-2017,month-1,starttime-42750.cms
http://timesofindia.indiatimes.com/2017/1/7/archivelist/year-2017,month-1,starttime-42742.cms
http://timesofindia.indiatimes.com/2017/1/30/archivelist/year-2017,month-1,starttime-42765.cms
http://timesofindia.indiatimes.com/2017/1/9/archivelist/year-2017,month-1,starttime-42744.cms
http://timesofindia.indiatimes.com/2017/1/19/archivelist/year-2017,month-1,starttime-42754.cms
http://timesofindia.indiatimes.com/2017/1/14/archivelist/year-2017,month-1,starttime-42749.cms
http://timesofindia.indiatimes.com/2017/1/26/archivelist/year-2017,month-1,starttime-42761.cms
http://timesofindia.indiatimes.com/2017/1/1/archivelist/year-2017,month-1,starttime-42736.cms
http://timesofindia.indiatimes.com/2017/1/10/archivelist/year-2017,month-1,starttime-42745.cms
http://timesofindia.indiatimes.com/2017/1/22/archivelist/year-2017,month-1,starttime-42757.cms
http://timesofindia.indiatimes.com/2017/1/12/archivelist/year-2017,month-1,starttime-42747.cms
http://timesofindia.indiatimes.com/2017/1/18/archivelist/year-2017,month-1,starttime-42753.cms
http://timesofindia.indiatimes.com/2017/1/28/archivelist/year-2017,month-1,starttime-42763.cms
http://timesofindia.indiatimes.com/2017/1/8/archivelist/year-2017,month-1,starttime-42743.cms
http://timesofindia.indiatimes.com/2017/1/3/archivelist/year-2017,month-1,starttime-42738.cms
http://timesofindia.indiatimes.com/2017/1/24/archivelist/year-2017,month-1,starttime-42759.cms
http://timesofindia.indiatimes.com/2017/1/29/archivelist/year-2017,month-1,starttime-42764.cms
http://timesofindia.indiatimes.com/2017/1/2/archivelist/year-2017,month-1,starttime-42737.cms
http://timesofindia.indiatimes.com/2017/1/21/archivelist/year-2017,month-1,starttime-42756.cms
http://timesofindia.indiatimes.com/2017/1/17/archivelist/year-2017,month-1,starttime-42752.cms
http://timesofindia.indiatimes.com/2017/1/31/archivelist/year-2017,month-1,starttime-42766.cms
http://timesofindia.indiatimes.com/2017/1/23/archivelist/year-2017,month-1,starttime-42758.cms
http://timesofindia.indiatimes.com/2017/2/28/archivelist/year-2017,month-2,starttime-42794.cms
http://timesofindia.indiatimes.com/2017/2/5/archivelist/year-2017,month-2,starttime-42771.cms
http://timesofindia.indiatimes.com/2017/2/27/archivelist/year-2017,month-2,starttime-42793.cms
http://timesofindia.indiatimes.com/2017/2/13/archivelist/year-2017,month-2,starttime-42779.cms
http://timesofindia.indiatimes.com/2017/2/2/archivelist/year-2017,month-2,starttime-42768.cms
http://timesofindia.indiatimes.com/2017/2/26/archivelist/year-2017,month-2,starttime-42792.cms
http://timesofindia.indiatimes.com/2017/2/12/archivelist/year-2017,month-2,starttime-42778.cms
http://timesofindia.indiatimes.com/2017/2/19/archivelist/year-2017,month-2,starttime-42785.cms
http://timesofindia.indiatimes.com/2017/2/8/archivelist/year-2017,month-2,starttime-42774.cms
http://timesofindia.indiatimes.com/2017/2/3/archivelist/year-2017,month-2,starttime-42769.cms
http://timesofindia.indiatimes.com/2017/2/16/archivelist/year-2017,month-2,starttime-42782.cms
http://timesofindia.indiatimes.com/2017/2/22/archivelist/year-2017,month-2,starttime-42788.cms
http://timesofindia.indiatimes.com/2017/2/14/archivelist/year-2017,month-2,starttime-42780.cms
http://timesofindia.indiatimes.com/2017/2/10/archivelist/year-2017,month-2,starttime-42776.cms
http://timesofindia.indiatimes.com/2017/2/7/archivelist/year-2017,month-2,starttime-42773.cms
http://timesofindia.indiatimes.com/2017/2/15/archivelist/year-2017,month-2,starttime-42781.cms
http://timesofindia.indiatimes.com/2017/2/9/archivelist/year-2017,month-2,starttime-42775.cms
http://timesofindia.indiatimes.com/2017/2/23/archivelist/year-2017,month-2,starttime-42789.cms
http://timesofindia.indiatimes.com/2017/2/11/archivelist/year-2017,month-2,starttime-42777.cms
http://timesofindia.indiatimes.com/2017/2/6/archivelist/year-2017,month-2,starttime-42772.cms
http://timesofindia.indiatimes.com/2017/2/4/archivelist/year-2017,month-2,starttime-42770.cms
http://timesofindia.indiatimes.com/2017/2/1/archivelist/year-2017,month-2,starttime-42767.cms
http://timesofindia.indiatimes.com/2017/2/20/archivelist/year-2017,month-2,starttime-42786.cms
http://timesofindia.indiatimes.com/2017/2/21/archivelist/year-2017,month-2,starttime-42787.cms
http://timesofindia.indiatimes.com/2017/2/24/archivelist/year-2017,month-2,starttime-42790.cms
http://timesofindia.indiatimes.com/2017/2/25/archivelist/year-2017,month-2,starttime-42791.cms
http://timesofindia.indiatimes.com/2017/2/17/archivelist/year-2017,month-2,starttime-42783.cms
http://timesofindia.indiatimes.com/2017/2/18/archivelist/year-2017,month-2,starttime-42784.cms
